[
    {
        "id": "1",
        "Year": "1993",
        "Mean_Sea_Level": "-20.83038081"
    },
    {
        "id": "2",
        "Year": "1994",
        "Mean_Sea_Level": "-17.71135731"
    },
    {
        "id": "3",
        "Year": "1995",
        "Mean_Sea_Level": "-14.64174931"
    },
    {
        "id": "4",
        "Year": "1996",
        "Mean_Sea_Level": "-14.86766531"
    },
    {
        "id": "5",
        "Year": "1997",
        "Mean_Sea_Level": "-13.37796531"
    },
    {
        "id": "6",
        "Year": "1998",
        "Mean_Sea_Level": "-12.11271431"
    },
    {
        "id": "7",
        "Year": "1999",
        "Mean_Sea_Level": "-10.43824331"
    },
    {
        "id": "8",
        "Year": "2000",
        "Mean_Sea_Level": "-6.910342306"
    },
    {
        "id": "9",
        "Year": "2001",
        "Mean_Sea_Level": "-2.483019306"
    },
    {
        "id": "10",
        "Year": "2002",
        "Mean_Sea_Level": "0.740459694"
    },
    {
        "id": "11",
        "Year": "2003",
        "Mean_Sea_Level": "4.654250694"
    },
    {
        "id": "12",
        "Year": "2004",
        "Mean_Sea_Level": "6.336117694"
    },
    {
        "id": "13",
        "Year": "2005",
        "Mean_Sea_Level": "10.77322569"
    },
    {
        "id": "14",
        "Year": "2006",
        "Mean_Sea_Level": "13.37581269"
    },
    {
        "id": "15",
        "Year": "2007",
        "Mean_Sea_Level": "14.39056969"
    },
    {
        "id": "16",
        "Year": "2008",
        "Mean_Sea_Level": "17.67091269"
    },
    {
        "id": "17",
        "Year": "2009",
        "Mean_Sea_Level": "21.77041569"
    },
    {
        "id": "18",
        "Year": "2010",
        "Mean_Sea_Level": "23.66167269"
    },
    {
        "id": "19",
        "Year": "2011",
        "Mean_Sea_Level": "23.32438969"
    },
    {
        "id": "20",
        "Year": "2012",
        "Mean_Sea_Level": "33.07038869"
    },
    {
        "id": "21",
        "Year": "2013",
        "Mean_Sea_Level": "35.82881969"
    },
    {
        "id": "22",
        "Year": "2014",
        "Mean_Sea_Level": "38.66384569"
    },
    {
        "id": "23",
        "Year": "2015",
        "Mean_Sea_Level": "48.09404869"
    },
    {
        "id": "24",
        "Year": "2016",
        "Mean_Sea_Level": "51.84471269"
    },
    {
        "id": "25",
        "Year": "2017",
        "Mean_Sea_Level": "53.10054269"
    },
    {
        "id": "26",
        "Year": "2018",
        "Mean_Sea_Level": "56.88697269"
    },
    {
        "id": "27",
        "Year": "2019",
        "Mean_Sea_Level": "63.14461269"
    },
    {
        "id": "28",
        "Year": "2020",
        "Mean_Sea_Level": "66.26139269"
    },
    {
        "id": "29",
        "Year": "2021",
        "Mean_Sea_Level": "70.97643269"
    },
    {
        "id": "30",
        "Year": "2022",
        "Mean_Sea_Level": "74.89435269"
    },
    {
        "id": "31",
        "Year": "2023",
        "Mean_Sea_Level": "77.89463269"
    }
]